{"startLevel":0,"maxHealth":110.0,"expBonus":0.0,"damage":1.5,"size":1.0,"delay":0.800000011920929,"count":0,"critChance":0.10000000149011612,"critPower":1.5,"moveSpeed":1.0}